OBJECT_NAME,OBJECT_ID,NORAD_CAT_ID,OBJECT_TYPE,OPS_STATUS_CODE,OWNER,LAUNCH_DATE,LAUNCH_SITE,DECAY_DATE,PERIOD,INCLINATION,APOGEE,PERIGEE,RCS,DATA_STATUS_CODE,ORBIT_CENTER,ORBIT_TYPE
IRIDIUM 33,1997-051C,24946,PAY,-,US,1997-09-14,TYMSC,,100.34,86.39,781,768,2.5190,,EA,ORB
CELESTIS-02 & TAURUS R/B,1998-007D,25160,PAY,+,US,1998-02-10,AFWTR,,101.23,108.01,862,772,3.4524,,EA,ORB
ISS (ZARYA),1998-067A,25544,PAY,+,ISS,1998-11-20,TYMSC,,92.96,51.63,423,416,399.0524,,EA,ORB
CORIOLIS,2003-001A,27640,PAY,+,US,2003-01-06,AFWTR,,101.41,98.72,835,816,5.0821,,EA,ORB
FENGYUN 1C DEB,1999-025LY,29998,DEB,,PRC,1999-05-10,TAISC,,100.73,99.29,796,790,0.0929,,EA,ORB
FENGYUN 1C DEB,1999-025MG,30007,DEB,,PRC,1999-05-10,TAISC,,100.90,99.17,846,756,0.0601,,EA,ORB
FENGYUN 1C DEB,1999-025UG,30175,DEB,,PRC,1999-05-10,TAISC,,104.04,99.35,1056,843,0.0385,,EA,ORB
FENGYUN 1C DEB,1999-025WR,30232,DEB,,PRC,1999-05-10,TAISC,,98.26,98.67,767,583,0.0400,,EA,ORB
FENGYUN 1C DEB,1999-025ZB,30290,DEB,,PRC,1999-05-10,TAISC,,96.13,102.61,583,564,0.0173,,EA,ORB
FENGYUN 1C DEB,1999-025AJD,30515,DEB,,PRC,1999-05-10,TAISC,,105.53,98.48,1385,653,0.0184,,EA,ORB
FENGYUN 1C DEB,1999-025ALP,30573,DEB,,PRC,1999-05-10,TAISC,,101.74,99.21,904,778,0.0168,,EA,ORB
FENGYUN 1C DEB,1999-025ARP,30705,DEB,,PRC,1999-05-10,TAISC,,104.15,102.19,1100,810,0.0138,,EA,ORB
FENGYUN 1C DEB,1999-025AZK,30921,DEB,,PRC,1999-05-10,TAISC,,100.35,98.84,786,764,0.0380,,EA,ORB
FENGYUN 1C DEB,1999-025BCL,30994,DEB,,PRC,1999-05-10,TAISC,,101.99,98.70,866,839,0.0074,,EA,ORB
FENGYUN 1C DEB,1999-025BDZ,31031,DEB,,PRC,1999-05-10,TAISC,,101.31,99.07,841,800,0.0089,,EA,ORB
FENGYUN 1C DEB,1999-025BFP,31069,DEB,,PRC,1999-05-10,TAISC,,98.71,99.11,768,626,0.0172,,EA,ORB
FENGYUN 1C DEB,1999-025BGA,31080,DEB,,PRC,1999-05-10,TAISC,,101.00,99.12,854,758,0.0114,,EA,ORB
SAUDICOMSAT 4,2007-012L,31127,PAY,+,SAUD,2007-04-17,TYMSC,,98.32,98.41,723,634,0.0701,,EA,ORB
FENGYUN 1C DEB,1999-025BJW,31192,DEB,,PRC,1999-05-10,TAISC,,101.30,98.58,1005,635,0.0138,,EA,ORB
FENGYUN 1C DEB,1999-025BMW,31264,DEB,,PRC,1999-05-10,TAISC,,101.47,99.10,829,827,0.0163,,EA,ORB
FENGYUN 1C DEB,1999-025BNB,31269,DEB,,PRC,1999-05-10,TAISC,,99.52,98.15,900,572,0.0162,,EA,ORB
FENGYUN 1C DEB,1999-025BWS,31503,DEB,,PRC,1999-05-10,TAISC,,101.16,100.08,848,779,0.0120,,EA,ORB
FENGYUN 1C DEB,1999-025BXC,31513,DEB,,PRC,1999-05-10,TAISC,,100.34,98.86,794,755,0.0124,,EA,ORB
FENGYUN 1C DEB,1999-025BXE,31515,DEB,,PRC,1999-05-10,TAISC,,102.03,98.89,894,816,0.0149,,EA,ORB
FENGYUN 1C DEB,1999-025BXY,31533,DEB,,PRC,1999-05-10,TAISC,,100.84,98.93,844,752,0.0107,,EA,ORB
FENGYUN 1C DEB,1999-025BYR,31550,DEB,,PRC,1999-05-10,TAISC,,99.91,98.32,889,620,0.0079,,EA,ORB
FENGYUN 1C DEB,1999-025CEF,31732,DEB,,PRC,1999-05-10,TAISC,,101.94,98.55,880,822,0.0154,,EA,ORB
FENGYUN 1C DEB,1999-025CFU,31769,DEB,,PRC,1999-05-10,TAISC,,99.89,98.43,801,706,0.0137,,EA,ORB
FENGYUN 1C DEB,1999-025CFX,31772,DEB,,PRC,1999-05-10,TAISC,,101.93,98.47,949,751,0.0072,,EA,ORB
FENGYUN 1C DEB,1999-025CHB,31813,DEB,,PRC,1999-05-10,TAISC,,99.25,99.43,818,628,0.0171,,EA,ORB
FENGYUN 1C DEB,1999-025CMW,31945,DEB,,PRC,1999-05-10,TAISC,,101.24,98.95,860,775,0.0123,,EA,ORB
FENGYUN 1C DEB,1999-025CSB,32133,DEB,,PRC,1999-05-10,TAISC,,101.53,98.44,857,805,0.0132,,EA,ORB
FENGYUN 1C DEB,1999-025DDP,33630,DEB,,PRC,1999-05-10,TAISC,,101.54,98.63,928,735,0.0062,,EA,ORB
IRIDIUM 33 DEB,1997-051P,33776,DEB,,US,1997-09-14,TYMSC,,100.10,86.41,774,752,0.5166,,EA,ORB
COSMOS 2251 DEB,1993-036BL,33819,DEB,,CIS,1993-06-16,PLMSC,,100.48,74.18,845,718,0.0946,,EA,ORB
COSMOS 2251 DEB,1993-036CJ,33841,DEB,,CIS,1993-06-16,PLMSC,,100.13,74.04,779,750,0.0507,,EA,ORB
IRIDIUM 33 DEB,1997-051BG,33887,DEB,,US,1997-09-14,TYMSC,,100.18,86.30,773,761,0.0620,,EA,ORB
COSMOS 2251 DEB,1993-036EX,33942,DEB,,CIS,1993-06-16,PLMSC,,100.12,74.04,779,750,0.1861,,EA,ORB
COSMOS 2251 DEB,1993-036FG,33973,DEB,,CIS,1993-06-16,PLMSC,,99.61,74.01,772,708,0.0543,,EA,ORB
COSMOS 2251 DEB,1993-036HJ,34023,DEB,,CIS,1993-06-16,PLMSC,,99.93,74.02,768,742,0.0310,,EA,ORB
COSMOS 2251 DEB,1993-036HX,34036,DEB,,CIS,1993-06-16,PLMSC,,94.42,74.00,501,479,0.0161,,EA,ORB
COSMOS 2251 DEB,1993-036KZ,34128,DEB,,CIS,1993-06-16,PLMSC,,94.69,73.99,520,487,0.0260,,EA,ORB
IRIDIUM 33 DEB,1997-051LJ,34765,DEB,,US,1997-09-14,TYMSC,,99.92,86.33,768,742,0.0166,,EA,ORB
COSMOS 2251 DEB,1993-036ADF,34910,DEB,,CIS,1993-06-16,PLMSC,,107.62,73.88,1466,767,0.0151,,EA,ORB
FENGYUN 1C DEB,1999-025DPP,35207,DEB,,PRC,1999-05-10,TAISC,,98.65,98.70,732,657,0.0077,,EA,ORB
FENGYUN 1C DEB,1999-025DQR,35233,DEB,,PRC,1999-05-10,TAISC,,99.65,98.78,771,713,0.0058,,EA,ORB
COSMOS 2251 DEB,1993-036AML,35593,DEB,,CIS,1993-06-16,PLMSC,,100.94,74.09,876,730,0.0114,,EA,ORB
COSMOS 2251 DEB,1993-036ANH,35614,DEB,,CIS,1993-06-16,PLMSC,,98.00,73.96,715,611,0.0206,,EA,ORB
COSMOS 2251 DEB,1993-036APR,35674,DEB,,CIS,1993-06-16,PLMSC,,98.84,74.06,768,638,0.0126,,EA,ORB
OPTUS D3,2009-044B,35756,PAY,+,AUS,2009-08-21,FRGUI,,1436.08,0.83,35804,35769,6.3096,,EA,ORB
COSMOS 2251 DEB,1993-036ATW,35883,DEB,,CIS,1993-06-16,PLMSC,,99.24,74.02,782,663,0.0059,,EA,ORB
COSMOS 2251 DEB,1993-036AUZ,35959,DEB,,CIS,1993-06-16,PLMSC,,100.40,74.03,794,761,0.0076,,EA,ORB
COSMOS 2251 DEB,1993-036AVR,35975,DEB,,CIS,1993-06-16,PLMSC,,100.82,74.05,878,716,0.0109,,EA,ORB
FENGYUN 1C DEB,1999-025DSK,36162,DEB,,PRC,1999-05-10,TAISC,,102.45,97.62,1053,696,0.0167,,EA,ORB
FENGYUN 1C DEB,1999-025DTF,36182,DEB,,PRC,1999-05-10,TAISC,,100.24,99.10,786,754,0.0112,,EA,ORB
FENGYUN 1C DEB,1999-025DUR,36216,DEB,,PRC,1999-05-10,TAISC,,101.47,98.59,860,797,0.0067,,EA,ORB
COSMOS 2251 DEB,1993-036BDM,36551,DEB,,CIS,1993-06-16,PLMSC,,95.07,73.90,544,500,0.0096,,EA,ORB
COSMOS 2251 DEB,1993-036BDV,36559,DEB,,CIS,1993-06-16,PLMSC,,102.98,74.12,1092,708,0.0044,,EA,ORB
FASTSAT-HSV01 (USA 220),2010-062D,37225,PAY,+,US,2010-11-20,KODAK,,97.15,71.97,635,610,,,EA,ORB
COSMOS 2251 DEB,1993-036BRL,38054,DEB,,CIS,1993-06-16,PLMSC,,105.59,73.95,1280,764,0.0067,,EA,ORB
FENGYUN 1C DEB,1999-025ERG,38159,DEB,,PRC,1999-05-10,TAISC,,102.58,99.29,922,840,0.0088,,EA,ORB
BRITE-AUSTRIA,2013-009F,39091,PAY,+,ASRA,2013-02-25,SRILR,,100.24,98.40,777,763,0.1040,,EA,ORB
NANOSATC-BR1,2014-033Q,40024,PAY,+,BRAZ,2014-06-19,DLS,,93.88,98.07,466,462,0.0370,,EA,ORB
SENTINEL-2A,2015-028A,40697,PAY,+,ESA,2015-06-23,FRGUI,,100.64,98.56,790,788,3.4510,,EA,ORB
LAPAN-A3,2016-040E,41603,PAY,+,INDO,2016-06-22,SRILR,,93.90,97.16,473,457,0.2815,,EA,ORB
SKYSAT-C5,2016-058C,41772,PAY,+,US,2016-09-16,FRGUI,,93.86,97.04,465,462,0.4255,,EA,ORB
IRIDIUM 105,2017-003E,41921,PAY,+,US,2017-01-14,AFWTR,,100.40,86.40,779,776,2.2529,,EA,ORB
LEMUR-2-DEMBITZ,2017-042T,42842,PAY,+,US,2017-07-14,TYMSC,,93.95,97.38,473,463,,,EA,ORB
IRIDIUM 100,2017-061B,42956,PAY,+,US,2017-10-09,AFWTR,,100.40,86.40,779,776,,,EA,ORB
JILIN-1 06,2017-074C,43024,PAY,+,PRC,2017-11-21,TAISC,,93.84,97.48,466,459,,,EA,ORB
JILIN-1 08,2018-008F,43160,PAY,+,PRC,2018-01-19,JSC,,93.83,97.18,467,457,,,EA,ORB
FENGYUN 1C DEB,1999-025EYQ,43359,DEB,,PRC,1999-05-10,TAISC,,101.02,99.05,858,756,,,EA,ORB
IRIDIUM 156,2018-061H,43576,PAY,+,US,2018-07-25,AFWTR,,100.40,86.40,779,776,,,EA,ORB
HAIYANG-1C,2018-068A,43609,PAY,+,PRC,2018-09-07,TAISC,,100.41,98.51,785,770,,,EA,ORB
ICESAT-2,2018-070A,43613,PAY,+,US,2018-09-15,AFWTR,,94.22,92.00,485,477,,,EA,ORB
FOX-1CLIFF (AO-95),2018-099N,43770,PAY,+,US,2018-12-03,AFWTR,,94.22,97.43,487,474,,,EA,ORB
SNUGLITE,2018-099AC,43784,PAY,+,SKOR,2018-12-03,AFWTR,,94.19,97.38,481,478,,,EA,ORB
JY1SAT (JO-97),2018-099AX,43803,PAY,+,JOR,2018-12-03,AFWTR,,93.74,97.41,461,454,,,EA,ORB
IRIDIUM 172,2019-002F,43927,PAY,+,US,2019-01-11,AFWTR,,100.40,86.40,779,776,,,EA,ORB
IRIDIUM 170,2019-002J,43930,PAY,+,US,2019-01-11,AFWTR,,97.81,86.61,656,652,,,EA,ORB
ZY-1 02D,2019-059A,44528,PAY,+,PRC,2019-09-12,TAISC,,100.33,98.67,778,770,,,EA,ORB
MEV-1,2019-067B,44625,PAY,+,US,2019-10-09,TYMSC,,1436.09,0.83,35804,35769,,,EA,ORB
STARLINK-1464,2020-038X,45751,PAY,P,US,2020-06-13,AFETR,,91.65,53.04,356,355,,,EA,ORB
SALSAT,2020-068K,46495,PAY,+,GER,2020-09-28,PLMSC,,94.06,97.89,480,467,,,EA,ORB
FENGYUN 1C DEB,1999-025FBF,47029,DEB,,PRC,1999-05-10,TAISC,,95.02,98.93,585,455,,,EA,ORB
COSMOS 2251 DEB,1993-036BXG,47052,DEB,,CIS,1993-06-16,PLMSC,,100.29,74.05,815,729,,,EA,ORB
HAWK-2A,2021-006CW,47505,PAY,+,US,2021-01-24,AFETR,,93.77,97.23,462,456,,,EA,ORB
STARLINK-2319,2021-018D,47790,PAY,+,US,2021-03-11,AFETR,,94.01,53.16,472,470,,,EA,ORB
STARLINK-2334,2021-018F,47792,PAY,+,US,2021-03-11,AFETR,,94.01,53.16,472,470,,,EA,ORB
NINGXIA-1 6,2021-064A,49018,PAY,+,PRC,2021-07-09,TAISC,,102.23,45.00,871,858,,,EA,ORB
GAOFEN-3 02,2021-109A,49495,PAY,+,PRC,2021-11-22,JSC,,99.85,98.41,754,748,,,EA,ORB
STARLINK-3195,2021-115AQ,49762,PAY,+,US,2021-12-02,AFETR,,93.85,53.16,463,462,,,EA,ORB
STARLINK-3607,2022-017AT,51809,PAY,+,US,2022-02-25,AFWTR,,93.90,53.16,466,464,,,EA,ORB
STARLINK-3589,2022-025AT,51997,PAY,+,US,2022-03-09,AFETR,,93.85,53.16,464,462,,,EA,ORB
STARLINK-3661,2022-029AT,52129,PAY,+,US,2022-03-19,AFETR,,95.14,53.16,527,524,,,EA,ORB
VIGORIDE-3,2022-057AE,52760,PAY,+,US,2022-05-25,AFETR,,94.24,97.67,487,476,,,EA,ORB
YAOGAN-35 02A,2022-068A,52907,PAY,+,PRC,2022-06-23,XICLF,,94.42,34.99,498,483,,,EA,ORB
STARLINK-4348,2022-077AJ,53075,PAY,+,US,2022-07-11,AFWTR,,93.90,97.28,466,465,,,EA,ORB
STARLINK-4104,2022-083AH,53163,PAY,+,US,2022-07-17,AFETR,,93.85,53.16,464,462,,,EA,ORB
STARLINK-4359,2022-084AP,53226,PAY,+,US,2022-07-22,AFWTR,,93.91,97.28,467,465,,,EA,ORB
STARLINK-4458,2022-105W,53668,PAY,P,US,2022-08-31,AFWTR,,93.69,97.50,456,454,,,EA,ORB
STARLINK-4789,2022-114BC,53868,PAY,+,US,2022-09-19,AFETR,,93.79,53.16,461,459,,,EA,ORB
YUNHAI-1 03,2022-115A,53877,PAY,+,PRC,2022-09-20,JSC,,100.52,98.56,787,780,,,EA,ORB
STARLINK-5037,2022-119L,53896,PAY,+,US,2022-09-24,AFETR,,93.79,53.16,461,459,,,EA,ORB
STARLINK-5120,2022-125U,53982,PAY,+,US,2022-10-05,AFWTR,,94.95,53.16,518,515,,,EA,ORB
STARLINK-5084,2022-177AH,54851,PAY,+,US,2022-12-28,AFETR,,94.27,43.00,484,482,,,EA,ORB
LYNK TOWER 4,2023-001AB,55034,PAY,+,US,2023-01-03,AFETR,,93.85,97.31,468,457,,,EA,ORB
STARLINK-5741,2023-020P,55582,PAY,P,US,2023-02-12,AFETR,,94.27,43.01,484,483,,,EA,ORB
STARLINK-5862,2023-037G,55920,PAY,+,US,2023-03-17,AFWTR,,96.11,70.00,574,570,,,EA,ORB
STARLINK-5913,2023-037Z,55937,PAY,+,US,2023-03-17,AFWTR,,96.11,70.00,574,570,,,EA,ORB
STARLINK-6119,2023-046AK,56125,PAY,+,US,2023-03-29,AFETR,,94.27,43.00,484,482,,,EA,ORB
PIESAT A,2023-047A,56153,PAY,+,PRC,2023-03-30,TAISC,,95.09,97.50,524,522,,,EA,ORB
PIESAT B,2023-047B,56154,PAY,+,PRC,2023-03-30,TAISC,,95.09,97.50,524,522,,,EA,ORB
PIESAT C,2023-047C,56155,PAY,+,PRC,2023-03-30,TAISC,,95.09,97.50,524,522,,,EA,ORB
PIESAT D,2023-047D,56156,PAY,+,PRC,2023-03-30,TAISC,,95.09,97.50,524,522,,,EA,ORB
HAWK-7B,2023-054R,56193,PAY,+,US,2023-04-15,AFWTR,,94.23,97.26,484,479,,,EA,ORB
STARLINK-6200,2023-083X,56897,PAY,+,US,2023-06-12,AFETR,,94.27,43.00,484,482,,,EA,ORB
BLACKJACK ACES-2,2023-084Z,56955,PAY,+,US,2023-06-12,AFWTR,,94.82,97.63,511,508,,,EA,ORB
OBJECT AD,2023-085AD,57031,PAY,+,PRC,2023-06-15,TAISC,,93.68,97.50,461,449,,,EA,ORB
STARLINK-6211,2023-088M,57059,PAY,P,US,2023-06-22,AFWTR,,94.27,43.00,484,482,,,EA,ORB
STARLINK-5347,2023-090AN,57137,PAY,+,US,2023-06-23,AFETR,,94.27,43.00,484,482,,,EA,ORB
STARLINK-5336,2023-090AP,57138,PAY,+,US,2023-06-23,AFETR,,94.27,43.00,484,482,,,EA,ORB
OBJECT H,2023-091H,57173,PAY,+,CIS,2023-06-27,VOSTO,,94.10,97.50,482,468,,,EA,ORB
CUBESX-HSE 3 (RS42S),2023-091N,57178,PAY,+,CIS,2023-06-27,VOSTO,,93.93,97.50,474,459,,,EA,ORB
KUZGTU 1 (RS47S),2023-091AV,57217,PAY,+,CIS,2023-06-27,VOSTO,,94.02,97.50,479,463,,,EA,ORB
OBJECT A,2023-104A,57424,PAY,+,PRC,2023-07-23,TAISC,,93.72,97.26,462,451,,,EA,ORB
STARLINK-30092,2023-107L,57467,PAY,+,US,2023-07-28,AFETR,,94.27,43.01,484,482,,,EA,ORB
STARLINK-30219,2023-113N,57507,PAY,P,US,2023-08-07,AFETR,,94.27,43.00,484,482,,,EA,ORB
STARLINK-30296,2023-124J,57671,PAY,+,US,2023-08-22,AFWTR,,93.85,53.16,464,462,,,EA,ORB
STARLINK-30318,2023-129P,57711,PAY,+,US,2023-08-27,AFETR,,94.27,43.00,484,482,,,EA,ORB
STARLINK-30594,2023-161A,58097,PAY,+,US,2023-10-21,AFWTR,,93.85,53.16,464,462,,,EA,ORB
STARLINK-30816,2023-166N,58162,PAY,+,US,2023-10-29,AFWTR,,93.85,53.16,464,462,,,EA,ORB
STARLINK-30896,2023-177C,58353,PAY,+,US,2023-11-18,AFETR,,94.27,43.00,484,482,,,EA,ORB
STARLINK-30931,2023-180M,58413,PAY,+,US,2023-11-22,AFETR,,94.27,43.00,484,482,,,EA,ORB
STARLINK-31055,2023-192J,58539,PAY,+,US,2023-12-08,AFWTR,,93.85,53.16,464,462,,,EA,ORB
ALISIO-1,2023-185M,58562,PAY,+,SPN,2023-12-01,AFWTR,,94.89,97.53,518,508,,,EA,ORB
TIANMU-1 13,2023-205C,58647,PAY,+,PRC,2023-12-25,JSC,,94.28,97.34,489,479,,,EA,ORB
TIANMU-1 20,2023-208B,58661,PAY,+,PRC,2023-12-27,JSC,,93.88,97.45,469,459,,,EA,ORB
TIANMU-1 21,2023-208C,58662,PAY,+,PRC,2023-12-27,JSC,,93.72,97.46,461,452,,,EA,ORB
STARLINK-30972,2024-002S,58721,PAY,+,US,2024-01-03,AFWTR,,93.85,53.16,463,462,,,EA,ORB
STARLINK-31117,2024-011M,58776,PAY,+,US,2024-01-14,AFWTR,,93.85,53.16,464,462,,,EA,ORB
STARLINK-31314,2024-031C,58967,PAY,+,US,2024-02-15,AFWTR,,93.85,53.16,463,462,,,EA,ORB
STARLINK-31365,2024-031J,58973,PAY,+,US,2024-02-15,AFWTR,,93.85,53.16,464,462,,,EA,ORB
STARLINK-31380,2024-031Q,58979,PAY,+,US,2024-02-15,AFWTR,,93.85,53.16,464,461,,,EA,ORB
STARLINK-31291,2024-041Y,59096,PAY,+,US,2024-02-29,AFETR,,94.27,43.00,484,483,,,EA,ORB
EXO-0,2023-174DK,59175,PAY,+,FR,2023-11-11,AFWTR,,93.75,97.38,463,453,,,EA,ORB
STARLINK-31571,2024-060Q,59362,PAY,+,US,2024-03-31,AFETR,,94.27,43.00,484,482,,,EA,ORB
STARLINK-31401,2024-064V,59417,PAY,+,US,2024-04-05,AFETR,,94.27,43.01,484,482,,,EA,ORB
OBJECT D,2024-085D,59680,PAY,+,PRC,2024-05-07,TAISC,,93.66,97.32,463,444,,,EA,ORB
OBJECT B,2024-092B,59774,PAY,+,CIS,2024-05-16,PLMSC,,94.11,97.66,481,470,,,EA,ORB
OBJECT H,2024-092H,59780,PAY,+,CIS,2024-05-16,PLMSC,,100.57,98.68,794,777,,,EA,ORB
STARLINK-32287,2024-138D,60358,PAY,+,US,2024-08-04,AFWTR,,93.85,53.16,464,462,,,EA,ORB
QIANFAN-7,2024-140G,60385,PAY,P,PRC,2024-08-06,TAISC,,100.85,88.97,808,789,,,EA,ORB
QUBE,2024-149J,60476,PAY,+,GER,2024-08-16,AFWTR,,92.83,97.38,414,413,,,EA,ORB
NUSAT-48 (HENRIETTA LEAVITT),2024-149AG,60498,PAY,+,ARGN,2024-08-16,AFWTR,,94.11,97.39,477,474,,,EA,ORB
FLOCK 4BE-27,2024-149AX,60513,PAY,P,US,2024-08-16,AFWTR,,93.76,97.38,461,456,,,EA,ORB
STARLINK-32210,2024-150M,60594,PAY,+,US,2024-08-20,AFETR,,93.85,53.15,464,462,,,EA,ORB
OBJECT E,2024-153E,60749,PAY,+,PRC,2024-08-29,YSLA,,94.19,97.68,480,479,,,EA,ORB
STARLINK-32259,2024-155P,60937,PAY,+,US,2024-08-31,AFWTR,,93.85,53.16,463,462,,,EA,ORB
QIANFAN-34,2024-185R,61567,PAY,P,PRC,2024-10-15,TAISC,,102.67,88.98,889,881,,,EA,ORB
STARLINK-32409,2024-187T,61591,PAY,+,US,2024-10-18,AFETR,,93.85,53.16,464,462,,,EA,ORB
OBJECT BE,2024-199BE,61787,PAY,+,TBD,2024-11-04,VOSTO,,93.64,97.29,461,444,,,EA,ORB
STARLINK-32640,2024-229G,62198,PAY,+,US,2024-12-04,AFETR,,94.27,42.99,486,480,,,EA,ORB
FLOCK 4G-29,2025-009AK,62642,PAY,P,US,2025-01-14,AFWTR,,93.94,97.40,468,467,,,EA,ORB
TRANSPORTER-12 OBJECT AZ,2025-009AZ,62656,PAY,+,TBD,2025-01-14,AFWTR,,93.82,97.39,463,460,,,EA,ORB
CENTAURI-7,2025-009DD,62708,PAY,+,AUS,2025-01-14,AFWTR,,96.11,97.70,573,572,,,EA,ORB
STARLINK-32822,2025-022Q,62868,PAY,+,US,2025-02-01,AFWTR,,93.85,53.16,464,462,,,EA,ORB
ION SCV-017,2025-052W,63230,PAY,+,IT,2025-03-15,AFWTR,,94.22,97.38,497,465,,,EA,ORB
SPHINX/FRAZIER,2025-052Y,63232,PAY,+,US,2025-03-15,AFWTR,,94.44,97.38,495,488,,,EA,ORB
TEVEL2-9,2025-052AD,63237,PAY,+,ISRA,2025-03-15,AFWTR,,93.85,97.38,467,459,,,EA,ORB
TEVEL2-7,2025-052AE,63238,PAY,+,ISRA,2025-03-15,AFWTR,,93.88,97.38,468,460,,,EA,ORB
TEVEL2-8,2025-052AF,63239,PAY,+,ISRA,2025-03-15,AFWTR,,93.88,97.38,468,460,,,EA,ORB
AL MUNTHER,2025-052AG,63240,PAY,+,BHR,2025-03-15,AFWTR,,93.85,97.38,466,459,,,EA,ORB
PANDORE,2025-052AL,63244,PAY,+,FR,2025-03-15,AFWTR,,96.30,97.68,583,579,,,EA,ORB
ICEYE-X46,2025-052BA,63258,PAY,+,FIN,2025-03-15,AFWTR,,96.29,97.68,582,580,,,EA,ORB
STARLINK-33710,2025-069B,63434,PAY,+,US,2025-04-04,AFWTR,,93.85,53.16,464,462,,,EA,ORB
STARLINK-33821,2025-093Z,63859,PAY,+,US,2025-05-07,AFETR,,94.27,43.00,484,482,,,EA,ORB
STARLINK-33979,2025-094D,63867,PAY,+,US,2025-05-10,AFWTR,,94.14,70.00,479,475,,,EA,ORB
STARLINK-34112,2025-099T,63969,PAY,+,US,2025-05-13,AFETR,,94.27,43.00,484,482,,,EA,ORB
TIANQI-20,2025-105D,64061,PAY,+,PRC,2025-05-19,YSLA,,102.92,44.99,903,890,,,EA,ORB
STARLINK-11733 [DTC],2025-107J,64072,PAY,+,US,2025-05-21,AFETR,,91.66,43.00,361,352,,,EA,ORB
TRANSPORTER-14 OBJECT D,2025-135D,64531,PAY,+,TBD,2025-06-23,AFWTR,,94.25,97.48,485,480,,,EA,ORB
TRANSPORTER-14 OBJECT E,2025-135E,64532,PAY,+,TBD,2025-06-23,AFWTR,,94.25,97.48,485,480,,,EA,ORB
STARLINK-34508,2025-137H,64601,PAY,+,US,2025-06-25,AFETR,,93.85,53.16,463,462,,,EA,ORB
STARLINK-34250,2025-139AC,64690,PAY,+,US,2025-06-28,AFETR,,93.85,53.16,463,462,,,EA,ORB
LEMUR-2-HUBBLE-5,2025-135BT,64840,PAY,+,US,2025-06-23,AFWTR,,96.36,97.78,589,580,,,EA,ORB
IONOSFERA-M 3,2025-155A,64876,PAY,+,CIS,2025-07-25,VOSTO,,101.30,98.61,821,819,,,EA,ORB
OBJECT J,2025-155J,64884,PAY,+,TBD,2025-07-25,VOSTO,,94.07,97.47,478,469,,,EA,ORB
GEOSCAN 5 (RS92S5),2025-155R,64891,PAY,+,CIS,2025-07-25,VOSTO,,93.79,97.46,463,457,,,EA,ORB
STARLINK-34689,2025-158T,64949,PAY,+,US,2025-07-27,AFWTR,,93.91,97.28,467,465,,,EA,ORB
METOP-SGA1,2025-172A,65159,PAY,+,EUME,2025-08-13,FRGUI,,101.30,98.71,821,820,,,EA,ORB
STARLINK-34926,2025-175W,65194,PAY,P,US,2025-08-14,AFWTR,,93.91,97.28,466,465,,,EA,ORB
FFLY01,2025-188F,65320,PAY,+,IND,2025-08-26,AFWTR,,96.46,97.73,595,583,,,EA,ORB
STARLINK-35014,2025-192AB,65429,PAY,+,US,2025-08-31,AFETR,,93.85,53.16,463,462,,,EA,ORB
STARLINK-35101,2025-212AA,65700,PAY,+,US,2025-09-21,AFETR,,93.85,53.16,463,463,,,EA,ORB
STARLINK-35521,2025-225G,65916,PAY,+,US,2025-10-08,AFWTR,,93.85,53.16,463,462,,,EA,ORB
STARLINK-35398,2025-232N,66017,PAY,+,US,2025-10-16,AFETR,,93.85,53.16,463,462,,,EA,ORB
STARLINK-35179,2025-235J,66066,PAY,+,US,2025-10-19,AFETR,,93.85,53.16,464,462,,,EA,ORB
STARLINK-35518,2025-243X,66198,PAY,+,US,2025-10-26,AFETR,,93.85,53.16,463,462,,,EA,ORB
STARLINK-35454,2025-245C,66236,PAY,+,US,2025-10-29,AFETR,,93.85,53.16,464,462,,,EA,ORB
STARLINK-35795,2025-254X,66369,PAY,+,US,2025-11-06,AFWTR,,93.85,53.16,463,462,,,EA,ORB
STARLINK-35707,2025-265T,66533,PAY,+,US,2025-11-19,AFETR,,94.27,43.00,484,482,,,EA,ORB
STARLINK-35697,2025-265Z,66539,PAY,+,US,2025-11-19,AFETR,,94.27,43.00,484,482,,,EA,ORB
SHIJIAN-30A (SJ-30A),2025-266A,66545,PAY,+,PRC,2025-11-19,JSC,,95.01,51.80,524,515,,,EA,ORB
STARLINK-35744,2025-268AA,66581,PAY,+,US,2025-11-21,AFETR,,94.27,43.00,484,482,,,EA,ORB
PELICAN-6,2025-276AP,66703,PAY,+,US,2025-11-28,AFWTR,,93.83,97.35,464,460,,,EA,ORB
STARLINK-36084,2025-280J,66829,PAY,+,US,2025-12-02,AFWTR,,96.11,70.00,575,570,,,EA,ORB
STARLINK-36033,2025-283R,66893,PAY,+,US,2025-12-04,AFWTR,,93.85,53.16,464,462,,,EA,ORB
STARLINK-35765,2025-294M,67041,PAY,+,US,2025-12-11,AFETR,,94.27,43.00,484,482,,,EA,ORB
OBJECT AD,2025-313AD,67275,PAY,+,TBD,2025-12-28,VOSTO,,94.51,97.38,505,485,,,EA,ORB
OBJECT AJ,2025-313AJ,67280,PAY,+,TBD,2025-12-28,VOSTO,,94.54,97.39,506,486,,,EA,ORB
STARLINK-36454,2026-008AB,67470,PAY,+,US,2026-01-14,AFETR,,94.27,43.00,484,482,,,EA,ORB
TIANQI-39,2026-010C,67478,PAY,+,PRC,2026-01-15,YSLA,,102.91,44.98,906,887,,,EA,ORB
STARLINK-36417,2026-014B,67533,PAY,+,US,2026-01-22,AFWTR,,93.90,97.28,467,464,,,EA,ORB
STARLINK-36772,2026-026A,67721,PAY,+,US,2026-02-11,AFWTR,,93.91,97.28,466,465,,,EA,ORB
STARLINK-37062,2026-042U,68087,PAY,+,US,2026-03-04,AFETR,,93.85,53.16,464,462,,,EA,ORB
STARLINK-37116,2026-053G,68213,PAY,+,US,2026-03-17,AFWTR,,93.91,97.28,467,464,,,EA,ORB
STARLINK-36890,2026-054AC,68258,PAY,+,US,2026-03-17,AFETR,,93.85,53.16,463,462,,,EA,ORB
CENTISPACE-2 S7,2026-060G,68356,PAY,+,PRC,2026-03-22,YSLA,,100.81,54.99,811,782,,,EA,ORB
SUPERVIEW NEO-2 05,2026-062A,68377,PAY,+,PRC,2026-03-25,TAISC,,94.75,97.44,508,506,,,EA,ORB
SUPERVIEW NEO-2 06,2026-062B,68378,PAY,+,PRC,2026-03-25,TAISC,,94.75,97.44,508,506,,,EA,ORB
KUIPER-00131,2026-072A,68573,PAY,+,US,2026-04-04,AFETR,,97.30,51.90,630,629,,,EA,ORB
STARLINK-36187,2026-073M,68613,PAY,+,US,2026-04-07,AFWTR,,93.91,97.28,467,464,,,EA,ORB
CYGNUS NG-24,2026-079A,68689,PAY,+,US,2026-04-11,AFETR,,92.96,51.63,423,416,,,25544,DOC
PROGRESS-MS 34,2026-093A,68837,PAY,+,CIS,2026-04-25,TYMSC,,92.96,51.63,423,416,,,25544,DOC
STARLINK-36965,2026-099L,68961,PAY,+,US,2026-05-01,AFETR,,93.85,53.16,464,462,,,EA,ORB
IRIDE-MS2-HEO-14,2026-100G,68986,PAY,+,IT,2026-05-03,AFWTR,,96.55,97.72,596,591,,,EA,ORB
BALKAN-2,2026-100AW,69024,PAY,+,BUL,2026-05-03,AFWTR,,94.69,97.39,507,500,,,EA,ORB
STARLINK-36286,2026-111Q,69162,PAY,+,US,2026-05-21,AFETR,,93.85,53.16,464,462,,,EA,ORB
GUOWANG TEST OBJECT B,2026-120B,69321,PAY,+,PRC,2026-05-30,XICLF,,93.88,55.00,471,458,,,EA,ORB
STARLINK-37597,2026-123D,69356,PAY,+,US,2026-06-04,AFETR,,93.85,53.16,464,461,,,EA,ORB
STARS-X,2026-132A,69502,PAY,+,JPN,2026-06-12,TANSC,,96.05,97.68,578,561,,,EA,ORB
CENTISPACE-1 GROUP 05 OBJECT C,2026-138C,69584,PAY,+,PRC,2026-06-17,JSC,,102.17,55.14,867,856,,,EA,ORB
KUIPER-00516,2026-140H,69599,PAY,+,US,2026-06-17,FRGUI,,94.24,51.88,487,477,,,EA,ORB
STARLINK-37851,2026-143K,69658,PAY,+,US,2026-06-21,AFWTR,,93.91,97.28,466,465,,,EA,ORB
STARLINK-37949,2026-143Y,69671,PAY,+,US,2026-06-21,AFWTR,,93.91,97.29,467,464,,,EA,ORB
ICEYE-X77,2026-156Z,69892,PAY,+,FIN,2026-07-07,AFWTR,,96.51,97.75,596,587,,,EA,ORB
POSIDONIA,2026-156BF,69922,PAY,+,SPN,2026-07-07,AFWTR,,96.52,97.74,596,587,,,EA,ORB
STARLINK-37610,2026-161B,100029,PAY,+,US,2026-07-14,AFETR,,93.85,53.16,464,462,,,EA,ORB
STARLINK-37481,2026-161E,100032,PAY,+,US,2026-07-14,AFETR,,93.85,53.16,464,462,,,EA,ORB
STARLINK-37917,2026-161G,100034,PAY,+,US,2026-07-14,AFETR,,93.85,53.16,464,462,,,EA,ORB
STARLINK-38023,2026-161R,100043,PAY,+,US,2026-07-14,AFETR,,93.85,53.16,464,462,,,EA,ORB
STARLINK-37808,2026-161T,100045,PAY,+,US,2026-07-14,AFETR,,93.85,53.16,463,462,,,EA,ORB
STARLINK-37826,2026-161Y,100050,PAY,+,US,2026-07-14,AFETR,,93.85,53.16,464,462,,,EA,ORB
STARLINK-37605,2026-161AD,100055,PAY,+,US,2026-07-14,AFETR,,93.85,53.16,463,462,,,EA,ORB
STARLINK-37650,2026-161AE,100056,PAY,+,US,2026-07-14,AFETR,,93.85,53.16,463,462,,,EA,ORB
SOYUZ-MS 29,2026-162A,100057,PAY,+,CIS,2026-07-14,TYMSC,,92.96,51.63,423,416,,,25544,DOC
RASSVET-3 32,2026-165R,100098,PAY,+,CIS,2026-07-19,PLMSC,,92.78,82.30,411,410,,,EA,ORB
STARLINK-38179,2026-171C,100150,PAY,+,US,2026-07-25,AFWTR,,93.69,97.28,456,454,,,EA,ORB
STARLINK-38097,2026-171R,100163,PAY,+,US,2026-07-25,AFWTR,,93.19,97.28,432,429,,,EA,ORB
STARLINK-38288,2026-184Q,100315,PAY,+,US,2026-08-12,AFWTR,,92.95,97.28,420,418,,,EA,ORB
STARLINK-38294,2026-184U,100319,PAY,+,US,2026-08-12,AFWTR,,93.24,97.28,434,432,,,EA,ORB
STARLINK-38245,2026-184V,100320,PAY,+,US,2026-08-12,AFWTR,,93.59,97.28,451,449,,,EA,ORB
STARLINK-37985,2026-196E,100477,PAY,+,US,2026-08-25,AFETR,,91.15,53.16,332,330,,,EA,ORB
STARLINK-37966,2026-196F,100478,PAY,+,US,2026-08-25,AFETR,,91.15,53.16,332,329,,,EA,ORB
